id,name,age,email,password,salary
1,Saanvi Reddy,56,ryan28@example.com,password1,14000
2,Saanvi Jain,46,sidhujack@example.org,password2,211660
3,Vikas Patil,32,garaamrita@example.com,password3,261492
4,Dhiraj Das,60,deoakshay@example.com,password4,48304
5,Reyansh Thakur,25,gardethomas@example.org,password5,92986
6,Harshit Arora,38,cgade@example.net,password6,161836
7,Krish Bhatia,56,isami@example.com,password7,118940
8,Aarohi Kohli,36,singhaljackson@example.com,password8,275517
9,Sunita Arora,40,cvarma@example.net,password9,153233
10,Krishna Reddy,28,agade@example.net,password10,107532
11,Amit Shah,28,unnatibajwa@example.com,password11,110386
12,Pranav Dalal,41,ubikasavant@example.net,password12,37350
13,Ajay Pillai,53,nathan41@example.com,password13,103008
14,Vivaan Reddy,57,matthewnatt@example.com,password14,35351
15,Usha Mehra,41,xpall@example.net,password15,98668
16,Rajiv Verma,20,brinda02@example.net,password16,124585
17,Sunita Sharma,39,adya65@example.com,password17,217869
18,Saanvi Garg,19,eesha96@example.net,password18,75953
19,Ravi Sharma,41,aarav05@example.net,password19,292502
20,Ishita Shah,61,rohanrao@example.com,password20,13267
21,Rudra Malhotra,47,brattan@example.com,password21,92745
22,Reyansh Patel,55,prisha86@example.net,password22,167164
23,Krishna Dubey,19,zinal22@example.net,password23,21338
24,Reyansh Kohli,38,whari@example.net,password24,141484
25,Ajay Kapoor,50,mason86@example.com,password25,17543
26,Tanvi Reddy,29,jaidas@example.org,password26,70692
27,Preeti Arora,39,mohini80@example.org,password27,230156
28,Ayaan Gupta,61,mugdha94@example.net,password28,233992
29,Rahul Nair,42,ebhasin@example.org,password29,48756
30,Myra Sharma,44,daradakshesh@example.org,password30,28888
31,Ananya Khanna,59,suraxiti@example.org,password31,176807
32,Riya Chauhan,45,tchokshi@example.org,password32,124352
33,Sahil Arora,33,bwable@example.net,password33,95999
34,Riya Joshi,32,krisha89@example.net,password34,27955
35,Aarav Sharma,64,dasanay@example.org,password35,80640
36,Pari Agarwal,61,girishbedi@example.net,password36,206582
37,Amit Dalal,20,krishnawason@example.org,password37,229798
38,Aditya Pillai,54,abhakashyap@example.net,password38,71476
39,Vijay Dalal,24,ojasvi30@example.com,password39,177280
40,Neha Sharma,38,utkarsh11@example.com,password40,161222
41,Rohit Bansal,26,xsura@example.org,password41,81180
42,Advait Raj,56,zehaantalwar@example.net,password42,184358
43,Nisha Garg,35,abhimanyu95@example.net,password43,122856
44,Dhruv Chauhan,21,kashishsandal@example.org,password44,196141
45,Ishita Das,42,kuruvillaharish@example.org,password45,120448
46,Rohit Sharma,31,kalaekta@example.org,password46,24397
47,Siddharth Agarwal,26,omishasolanki@example.net,password47,188031
48,Dhruv Kapoor,43,anay32@example.org,password48,129180
49,Aadhya Mehra,19,indiranaik@example.com,password49,76234
50,Ishaan Wadhwa,37,oviyamodi@example.com,password50,49954
51,Dhiraj Ahuja,45,hayrevihaan@example.com,password51,188352
52,Ravi Arora,64,yashasvihayre@example.net,password52,89459
53,Krish Desai,24,madanxiti@example.net,password53,205004
54,Shivam Nair,61,chahalyuvraj@example.net,password54,210968
55,Amar Arora,25,purohitmitesh@example.org,password55,69163
56,Kavita Chauhan,64,dhingraganga@example.org,password56,61934
57,Anita Bose,52,liamkhurana@example.com,password57,205967
58,Ajay Dalal,31,sathvikkonda@example.net,password58,15486
59,Vedant Agarwal,34,shenoychatresh@example.org,password59,149407
60,Saanvi Srivastava,53,aarnav43@example.net,password60,136020
61,Pooja Jain,57,srinivasanwriddhish@example.net,password61,112795
62,Aarav Menon,21,vbava@example.org,password62,230184
63,Divya Garg,19,bhagatudarsh@example.net,password63,152202
64,Pooja Garg,23,etandon@example.com,password64,247027
65,Reyansh Chauhan,59,nilima05@example.org,password65,128324
66,Rajesh Srivastava,21,vritti50@example.com,password66,207775
67,Nisha Yadav,46,ikrishnamurthy@example.com,password67,299336
68,Reyansh Shah,35,samarth27@example.com,password68,273206
69,Ravi Agarwal,43,rwagle@example.com,password69,94076
70,Amit Bose,61,ghayre@example.net,password70,99780
71,Rajesh Chopra,51,sahniisaiah@example.net,password71,162617
72,Arnav Patel,27,nathanielsastry@example.net,password72,31689
73,Vedant Bansal,53,nairanusha@example.net,password73,283318
74,Nisha Pandey,31,subramaniameshana@example.org,password74,19348
75,Vikas Patel,48,tanvi59@example.net,password75,48102
76,Kabir Jain,32,ahujasamuel@example.com,password76,84460
77,Krish Kumar,25,kevin51@example.com,password77,99930
78,Riya Desai,31,bahadurjitkuruvilla@example.org,password78,16801
79,Prisha Wadhwa,40,cpillay@example.net,password79,113150
80,Vivaan Reddy,57,nicholas40@example.org,password80,213339
81,Sara Joshi,38,zaitrasani@example.net,password81,189208
82,Jyoti Ahuja,33,paiaashi@example.org,password82,164697
83,Anvi Srivastava,62,abhimanyu17@example.net,password83,223945
84,Amar Chauhan,35,vasatikadara@example.com,password84,241915
85,Krishna Bansal,64,laurora@example.net,password85,213664
86,Ishita Mishra,41,xsaini@example.com,password86,218124
87,Rajiv Verma,43,vedant86@example.net,password87,11542
88,Anita Garg,42,dhruv59@example.com,password88,293821
89,Arnav Joshi,62,prishauppal@example.net,password89,187804
90,Sahil Chauhan,58,prisha70@example.org,password90,191415
91,Ishita Yadav,46,inarayan@example.com,password91,49081
92,Rajesh Yadav,32,borahgopal@example.org,password92,203928
93,Arjun Sarin,62,pillaixiti@example.org,password93,229930
94,Ravi Kapoor,18,neelsom@example.org,password94,291209
95,Vikas Dubey,42,garimakapoor@example.org,password95,224532
96,Pooja Dalal,24,mpurohit@example.net,password96,98092
97,Rajesh Malhotra,26,luthragirik@example.com,password97,299106
98,Vedant Dutta,41,omajachaudhari@example.com,password98,38295
99,Vijay Malhotra,18,anjalicontractor@example.org,password99,23807
100,Vijay Singh,61,tmanda@example.net,password100,167504
101,Anvi Chauhan,25,sara11@example.org,password101,248067
102,Aarohi Khanna,41,balawaida@example.net,password102,178152
103,Neha Mehta,28,ckala@example.com,password103,176981
104,Ravi Iyer,34,jkhare@example.net,password104,230411
105,Ayaan Desai,25,atharvdani@example.net,password105,29870
106,Diya Dubey,52,bhargavaradhika@example.net,password106,213196
107,Shreya Kohli,52,bhasinkai@example.com,password107,258683
108,Krish Das,50,luckychopra@example.com,password108,244677
109,Rudra Ahuja,22,ishaansuri@example.org,password109,36790
110,Aditya Garg,59,frado87@example.com,password110,128874
111,Aadhya Chauhan,56,thomasbhavsar@example.com,password111,297433
112,Deepak Garg,58,ptrivedi@example.com,password112,234786
113,Krishna Kapoor,45,kalakalpit@example.com,password113,25485
114,Divya Mishra,24,usathe@example.org,password114,96188
115,Yash Kohli,26,vasatika74@example.org,password115,14748
116,Meena Shah,25,fmemon@example.com,password116,227841
117,Aanya Kaur,29,upmabandi@example.com,password117,150507
118,Meena Dalal,51,lajita72@example.com,password118,275853
119,Tanvi Sharma,50,japte@example.org,password119,133961
120,Arjun Singh,40,faris30@example.net,password120,40355
121,Aditya Joshi,41,mpai@example.org,password121,196843
122,Myra Yadav,54,gunbir21@example.com,password122,166542
123,Ananya Pillai,52,merchantyatan@example.com,password123,183416
124,Pooja Ahuja,61,quincy68@example.com,password124,49298
125,Atharva Sarin,57,nakshsarkar@example.org,password125,71629
126,Siya Shah,39,bhattacharyyanetra@example.org,password126,240907
127,Deepak Sarin,44,harshilsundaram@example.net,password127,33960
128,Ayaan Patel,52,ksengupta@example.net,password128,223920
129,Mahi Desai,18,jchauhan@example.org,password129,252804
130,Amit Singh,52,jacobhanda@example.com,password130,139695
131,Ravi Mehra,54,farasbabu@example.net,password131,244286
132,Mahi Gupta,64,ekansh20@example.org,password132,138148
133,Vivaan Verma,31,adweta73@example.com,password133,292703
134,Ayaan Garg,20,tchaudhari@example.com,password134,202714
135,Tanvi Sharma,18,mugdha77@example.net,password135,217611
136,Meena Reddy,22,kothariindali@example.com,password136,293876
137,Rudra Ahuja,43,dakshesh01@example.org,password137,269747
138,Neha Thakur,31,qabil93@example.com,password138,101362
139,Sanjay Arora,56,varshaborde@example.net,password139,285987
140,Ayaan Kapoor,44,balendra89@example.net,password140,124065
141,Arnav Thakur,26,zchawla@example.org,password141,27640
142,Rahul Bhatt,32,talwarupma@example.org,password142,62528
143,Myra Nair,32,ishanvi91@example.com,password143,269214
144,Jyoti Patil,43,jatin31@example.net,password144,120133
145,Anjali Ahuja,59,mdin@example.net,password145,209938
146,Aditya Gupta,30,hemanisundaram@example.net,password146,160159
147,Jyoti Kumar,49,akshay40@example.com,password147,182502
148,Riya Sharma,56,zaitrajain@example.com,password148,165576
149,Meena Ahuja,49,madhavigaba@example.com,password149,21023
150,Vihaan Verma,21,grajagopal@example.org,password150,31447
151,Arjun Raj,47,memonupasna@example.net,password151,296103
152,Ishaan Bajaj,54,lpanchal@example.com,password152,76203
153,Tara Reddy,40,manan14@example.net,password153,170775
154,Rohit Pandey,56,talwarmaanas@example.com,password154,19337
155,Aarav Mishra,62,zilmilmajumdar@example.org,password155,56427
156,Vanya Garg,32,iyengarrayaan@example.com,password156,115787
157,Saanvi Jain,60,sthaman@example.org,password157,172993
158,Sahil Mehta,46,idutt@example.com,password158,137016
159,Vedant Das,53,sangharyan@example.com,password159,276979
160,Sanjay Jain,30,hshroff@example.org,password160,30159
161,Sunita Joshi,49,utkarsh73@example.net,password161,188677
162,Sunita Chopra,24,dkaran@example.net,password162,176619
163,Ananya Pandey,39,mukhopadhyayshivani@example.com,password163,92844
164,Dhiraj Ahuja,45,deshpandeavi@example.net,password164,37532
165,Vikas Mehta,19,champak00@example.com,password165,175421
166,Ajay Bhatt,59,morarharrison@example.com,password166,132402
167,Rahul Sarin,62,zayyanpall@example.net,password167,128012
168,Rohit Srivastava,23,ddeo@example.com,password168,66178
169,Sara Kumar,45,hemang19@example.net,password169,59407
170,Atharva Bhatia,45,mbansal@example.com,password170,60990
171,Diya Patil,61,omagar@example.com,password171,139473
172,Rohit Yadav,61,pillaimax@example.net,password172,236156
173,Meena Wadhwa,37,erattan@example.org,password173,178964
174,Siya Gupta,47,libni92@example.org,password174,11015
175,Vihaan Sharma,28,npandey@example.org,password175,71813
176,Reyansh Mehra,45,christopherdara@example.org,password176,37712
177,Anjali Joshi,42,bajwarajeshri@example.com,password177,110497
178,Shaurya Khanna,56,alkananda@example.org,password178,252926
179,Yash Chauhan,50,nsalvi@example.com,password179,122816
180,Harshit Yadav,18,doctorsiya@example.com,password180,138778
181,Aarohi Pillai,44,yadavikhosla@example.net,password181,72292
182,Vedant Kumar,30,gangakapur@example.org,password182,295977
183,Rudra Iyer,58,vgola@example.com,password183,145230
184,Anvi Dalal,20,baghyawatichar@example.com,password184,203752
185,Vijay Menon,56,shanharita@example.com,password185,292453
186,Anita Bose,23,fnatt@example.com,password186,279114
187,Shaurya Yadav,25,kapadiaati@example.org,password187,161456
188,Harshit Iyer,44,arjunkohli@example.com,password188,290161
189,Vanya Mehta,26,takanirudh@example.com,password189,115570
190,Rahul Menon,54,bhanumati60@example.org,password190,280846
191,Riya Chopra,50,kaurora@example.org,password191,10404
192,Rudra Kumar,59,theodore23@example.net,password192,188998
193,Rajiv Chauhan,61,kotharigeorge@example.net,password193,284907
194,Sahil Kaur,41,wbath@example.org,password194,159456
195,Atharva Shah,32,kamyakari@example.org,password195,201172
196,Vijay Malhotra,49,ksaxena@example.net,password196,150932
197,Riya Chauhan,49,nhalder@example.org,password197,245365
198,Sahil Shah,41,ekiyayadav@example.org,password198,60612
199,Anika Raj,58,shuklajyoti@example.net,password199,295718
200,Vihaan Pandey,29,darpanvarughese@example.net,password200,295668
201,Diya Patil,56,hsheth@example.com,password201,210244
202,Krishna Arora,19,gaurikachawla@example.com,password202,283060
203,Shivam Dutta,20,divanjanaki@example.com,password203,14809
204,Arnav Dutta,54,upillay@example.com,password204,173273
205,Rohit Kaur,34,brijesh20@example.org,password205,194402
206,Ishita Kumar,19,qshah@example.com,password206,154528
207,Diya Bansal,19,siddharthluthra@example.org,password207,48765
208,Aarohi Verma,45,anay29@example.com,password208,31949
209,Diya Dubey,40,npatla@example.net,password209,211152
210,Reyansh Pillai,54,simonbhattacharyya@example.net,password210,186615
211,Kiara Jain,49,prasadelijah@example.com,password211,102193
212,Shaurya Nair,50,patlaayushman@example.org,password212,46187
213,Divya Bose,18,udas@example.net,password213,148311
214,Yash Srivastava,36,shravyabora@example.com,password214,286633
215,Siya Kaur,19,zachariahjanya@example.org,password215,199089
216,Harshit Bhatia,61,nazarethpriya@example.com,password216,71877
217,Amar Raj,43,qushi08@example.com,password217,104074
218,Siya Bansal,49,tnayar@example.net,password218,173121
219,Ravi Pandey,23,peterkapadia@example.net,password219,47131
220,Prisha Mehta,49,bhavya89@example.org,password220,125765
221,Harshit Sharma,21,lucky74@example.net,password221,116884
222,Dhiraj Patel,28,spillay@example.net,password222,135917
223,Vijay Bhatt,34,patilvincent@example.net,password223,296429
224,Rahul Ahuja,55,ganesanwilliam@example.org,password224,183880
225,Aanya Bajaj,41,qarinbaria@example.net,password225,291342
226,Tanvi Bhatt,22,inaik@example.org,password226,25254
227,Pari Kohli,51,nidra48@example.com,password227,54238
228,Rohit Mishra,23,ekbalnarain@example.net,password228,11252
229,Anvi Bansal,39,qabillad@example.org,password229,91317
230,Rahul Patil,28,bkalita@example.org,password230,88587
231,Prisha Kaur,33,jrajagopal@example.com,password231,16949
232,Kabir Jain,50,christopher68@example.org,password232,248897
233,Dhiraj Singh,26,ldora@example.com,password233,214625
234,Diya Yadav,23,upadhritimodi@example.net,password234,148013
235,Diya Kumar,33,manbirdyal@example.com,password235,35934
236,Sanjay Kapoor,46,chatterjeeaadhya@example.org,password236,266434
237,Rekha Iyer,20,atwalmekhala@example.net,password237,260875
238,Anita Sharma,37,kibeishwar@example.net,password238,80390
239,Shaurya Bhatia,53,lbhandari@example.com,password239,193401
240,Ishita Yadav,36,xranganathan@example.net,password240,263490
241,Rajesh Gupta,43,zayyankant@example.net,password241,53088
242,Aanya Khanna,20,sarrafisaiah@example.net,password242,257940
243,Rekha Khanna,36,uraja@example.net,password243,226464
244,Divya Sharma,37,triptimandal@example.net,password244,228441
245,Shreya Kaur,49,ngopal@example.net,password245,292107
246,Dhruv Bajaj,24,bahadurjit05@example.org,password246,135911
247,Deepak Bhatt,58,nnarang@example.org,password247,233777
248,Advait Kapoor,50,abhiramkhare@example.com,password248,286532
249,Atharva Arora,57,azaan38@example.com,password249,15569
250,Anika Raj,56,devikagill@example.net,password250,79836
251,Ravi Shah,35,basugunbir@example.org,password251,114573
252,Pooja Garg,57,lajita23@example.org,password252,268090
253,Saanvi Khanna,18,doraquincy@example.net,password253,153087
254,Sahil Bhatia,28,lakshdar@example.org,password254,55002
255,Prisha Jain,45,hdutt@example.org,password255,257666
256,Kabir Bhatia,42,yashoda28@example.net,password256,147326
257,Shaurya Bhatia,40,revakibe@example.org,password257,165286
258,Krishna Verma,48,saksham59@example.com,password258,221791
259,Yash Chawla,47,yachana47@example.com,password259,212846
260,Sunita Desai,59,nishaamble@example.net,password260,147162
261,Rajesh Menon,52,narayananjagrati@example.org,password261,152709
262,Usha Chopra,24,toormitesh@example.com,password262,163487
263,Nisha Joshi,33,bishakha26@example.com,password263,34071
264,Aditya Jain,43,maxsami@example.net,password264,68243
265,Deepak Chawla,19,hamble@example.net,password265,182312
266,Sunita Reddy,18,bishakha11@example.org,password266,267218
267,Nisha Mishra,29,sai85@example.com,password267,224879
268,Siya Jain,22,fariqdas@example.net,password268,38732
269,Sara Chauhan,54,pillaiishanvi@example.org,password269,131465
270,Prisha Menon,49,dalbirchana@example.com,password270,67108
271,Ayaan Singh,26,zprashad@example.org,password271,121195
272,Aanya Iyer,58,jai04@example.net,password272,46668
273,Sanjay Sharma,52,garimamittal@example.org,password273,295205
274,Divya Ahuja,36,yatin22@example.org,password274,49749
275,Divya Raj,33,bachittar28@example.com,password275,140560
276,Pari Patil,20,tpadmanabhan@example.org,password276,157979
277,Ishita Raj,37,yashvikota@example.net,password277,159849
278,Dhiraj Chopra,41,irya85@example.net,password278,234301
279,Ayaan Chauhan,50,indira12@example.org,password279,61745
280,Vivaan Singh,41,fsachdev@example.net,password280,101865
281,Amit Bhatt,28,tankqushi@example.org,password281,222890
282,Preeti Reddy,25,imaranom@example.org,password282,33624
283,Divya Arora,53,theodoreroy@example.com,password283,33321
284,Aarohi Gupta,55,watikakrishnamurthy@example.com,password284,294718
285,Atharva Mehra,57,fbhavsar@example.com,password285,184293
286,Siya Sharma,37,dev94@example.com,password286,269127
287,Preeti Wadhwa,52,ysarkar@example.com,password287,196717
288,Siddharth Verma,42,warinder72@example.com,password288,193868
289,Sunita Patel,52,pavani74@example.net,password289,145504
290,Neha Singh,42,jagratinanda@example.org,password290,105257
291,Mahi Srivastava,46,vsama@example.net,password291,74291
292,Usha Ahuja,35,ekapadgera@example.org,password292,220176
293,Pranav Menon,63,ppalan@example.com,password293,200471
294,Advait Nair,35,ekaul@example.com,password294,228803
295,Ishaan Verma,19,ekeer@example.com,password295,121317
296,Rajesh Sharma,52,bsami@example.org,password296,149789
297,Ajay Chauhan,33,hayerkala@example.org,password297,83686
298,Usha Arora,58,patrickgill@example.com,password298,77661
299,Anvi Bhatt,53,charles67@example.net,password299,54247
300,Naveen Ahuja,50,varsha66@example.net,password300,255121
301,Rohit Desai,21,oscarsabharwal@example.net,password301,157820
302,Vivaan Gupta,50,ikbalgill@example.com,password302,276765
303,Kavita Patil,31,anthony64@example.org,password303,156106
304,Amit Shah,38,jsom@example.com,password304,268930
305,Siya Nair,37,raibalendra@example.net,password305,146194
306,Yash Nair,25,jalsa80@example.org,password306,290174
307,Ananya Reddy,24,bishakha66@example.com,password307,48638
308,Rajesh Singh,20,valakaran@example.com,password308,128033
309,Rekha Mehta,34,borahemani@example.com,password309,115977
310,Aditya Agarwal,50,widishadixit@example.net,password310,98869
311,Siya Bose,29,atank@example.org,password311,115186
312,Shaurya Pandey,39,chaudhurivasatika@example.org,password312,176926
313,Usha Pandey,39,taramenon@example.net,password313,56271
314,Yash Verma,63,lukegala@example.org,password314,151339
315,Advait Dubey,47,fiyazvig@example.com,password315,231897
316,Vikas Sarin,55,urvi95@example.org,password316,11062
317,Kiara Dalal,55,iryaahluwalia@example.com,password317,257736
318,Aadhya Raj,62,pranit21@example.net,password318,60448
319,Sunita Bhatt,25,sudikshajoshi@example.net,password319,105462
320,Aarav Bhatia,44,devansh31@example.org,password320,255885
321,Tara Dubey,44,hegdenimrat@example.org,password321,57915
322,Siya Chauhan,51,kamalavarghese@example.com,password322,276776
323,Anvi Pandey,38,nbose@example.com,password323,114592
324,Diya Kumar,47,radhakrishnanpallavi@example.org,password324,144668
325,Diya Nair,50,christopher44@example.org,password325,118099
326,Pari Kaur,45,dyohannan@example.com,password326,17561
327,Vihaan Reddy,64,craj@example.net,password327,92152
328,Shivam Bhatia,50,kuriancharan@example.org,password328,135036
329,Vivaan Reddy,22,bsankaran@example.com,password329,36734
330,Rajesh Dalal,36,zkorpal@example.com,password330,36069
331,Aarohi Bajaj,21,darpanpalan@example.net,password331,220977
332,Myra Dubey,52,shivansh25@example.org,password332,22910
333,Sunita Iyer,34,ksolanki@example.com,password333,91264
334,Krish Dutta,61,hlall@example.org,password334,33275
335,Dhiraj Srivastava,45,jagdishedwin@example.org,password335,82274
336,Vikas Kapoor,47,pavani77@example.net,password336,201076
337,Anita Joshi,46,balvanbajwa@example.com,password337,204053
338,Sara Ahuja,63,vyanjana47@example.com,password338,195625
339,Tanvi Menon,23,janaki36@example.com,password339,58447
340,Aanya Mehra,52,zayan66@example.net,password340,85703
341,Harshit Mishra,58,triveniandra@example.org,password341,289404
342,Atharva Chauhan,54,znanda@example.org,password342,122581
343,Pari Gupta,41,devsalvi@example.net,password343,275956
344,Ajay Kumar,46,krishna70@example.com,password344,199728
345,Meena Pandey,63,megha83@example.com,password345,126421
346,Sahil Pandey,48,dasdominic@example.org,password346,11605
347,Ravi Desai,52,psaini@example.org,password347,82303
348,Rudra Shah,50,anusha64@example.net,password348,168211
349,Saanvi Pillai,38,bandijagdish@example.com,password349,197210
350,Riya Sarin,49,choudhuryraksha@example.org,password350,271949
351,Amar Mehta,40,vpalla@example.net,password351,154990
352,Prisha Chopra,50,jhalaksom@example.org,password352,168518
353,Yash Bhatia,20,adhar@example.net,password353,134040
354,Rahul Bansal,35,asarma@example.net,password354,154118
355,Pari Chauhan,42,darika13@example.org,password355,241966
356,Sunita Dutta,59,qkonda@example.net,password356,276468
357,Naveen Menon,48,anaydar@example.org,password357,281255
358,Arnav Sharma,20,kohlifaraj@example.net,password358,26389
359,Yash Agarwal,57,neelima62@example.com,password359,132177
360,Sunita Dubey,63,schacko@example.net,password360,169818
361,Advait Gupta,41,keyakalla@example.net,password361,132883
362,Tanvi Jain,49,yatandevan@example.org,password362,228958
363,Rekha Raj,64,boseedhitha@example.com,password363,248213
364,Naveen Sarin,39,tnagy@example.com,password364,122221
365,Rajesh Mishra,40,jacobchowdhury@example.net,password365,285378
366,Arnav Mehra,19,rdeshmukh@example.net,password366,270669
367,Nisha Shah,44,panditjanuja@example.net,password367,244936
368,Sanjay Khanna,59,uvora@example.com,password368,10846
369,Sanjay Verma,19,kantamaira@example.com,password369,20954
370,Ajay Malhotra,43,wriddhish08@example.com,password370,254761
371,Anika Patel,34,vincent56@example.org,password371,147541
372,Kabir Verma,57,nkumer@example.org,password372,74323
373,Advait Dubey,50,ishanvi90@example.net,password373,101922
374,Rekha Mishra,26,krajagopal@example.com,password374,199139
375,Vivaan Sharma,60,ayushmanbiswas@example.org,password375,190448
376,Vanya Iyer,56,gunbir39@example.org,password376,186659
377,Arnav Nair,46,turvi78@example.com,password377,245659
378,Divya Bajaj,59,hjaggi@example.com,password378,114537
379,Anjali Chauhan,43,padmanabhandaksh@example.net,password379,251983
380,Preeti Khanna,52,bminhas@example.net,password380,52533
381,Rahul Wadhwa,42,ranganathananvi@example.com,password381,273972
382,Rudra Dubey,41,oboase@example.com,password382,11917
383,Nisha Sharma,30,wallazinal@example.net,password383,292762
384,Ayaan Menon,24,fhegde@example.net,password384,42254
385,Shivam Mehta,53,jairaj14@example.org,password385,271987
386,Ajay Pillai,62,kantdamini@example.org,password386,57362
387,Yash Chopra,37,bansalandrew@example.com,password387,292272
388,Sanjay Srivastava,18,lrana@example.net,password388,252353
389,Pooja Ahuja,25,mitalpahal@example.com,password389,200455
390,Mahi Menon,63,bassijoshua@example.com,password390,75545
391,Deepak Kohli,33,fkarnik@example.net,password391,92180
392,Vihaan Kapoor,31,zaidupadhyay@example.org,password392,97958
393,Kabir Patel,29,ethan89@example.org,password393,15287
394,Vihaan Bansal,40,arorarohan@example.net,password394,267665
395,Krish Malhotra,32,sandaljyoti@example.net,password395,18512
396,Ishaan Mehta,45,mkhurana@example.net,password396,142414
397,Ravi Iyer,51,nihalnori@example.net,password397,118872
398,Pari Sharma,19,atharv45@example.org,password398,257754
399,Atharva Chauhan,49,jeet31@example.com,password399,103070
400,Mahi Mishra,40,apteyuvraj@example.org,password400,89767
401,Aanya Iyer,39,jananidhingra@example.net,password401,107829
402,Arnav Dalal,42,sahniadweta@example.org,password402,52078
403,Krishna Thakur,39,cnaidu@example.org,password403,93524
404,Vivaan Gupta,39,eshan@example.com,password404,237645
405,Amit Bhatt,59,hemaniswamy@example.com,password405,22219
406,Deepak Kumar,23,settyxiti@example.net,password406,272379
407,Ishaan Kapoor,32,paukamya@example.org,password407,137309
408,Harshit Mishra,60,bnarayan@example.net,password408,149639
409,Kabir Yadav,54,kpandit@example.net,password409,206513
410,Shreya Arora,50,bhaviniyohannan@example.com,password410,258320
411,Rohit Chawla,25,om36@example.com,password411,146487
412,Sahil Yadav,61,behlijaya@example.com,password412,177231
413,Neha Ahuja,61,nikitachander@example.net,password413,53925
414,Siddharth Menon,22,vnaidu@example.org,password414,147023
415,Reyansh Agarwal,56,lekhamahal@example.org,password415,97388
416,Myra Pillai,21,routchaitaly@example.com,password416,18007
417,Harshit Bansal,23,swaminathanishita@example.org,password417,267802
418,Pooja Bajaj,62,sachdevtanmayi@example.com,password418,68596
419,Saanvi Yadav,49,bhardwajayush@example.net,password419,265266
420,Reyansh Kaur,47,zayyanprakash@example.com,password420,25524
421,Aanya Nair,64,ramaabha@example.org,password421,165002
422,Meena Patel,52,sundaramjeevika@example.org,password422,135501
423,Ravi Nair,57,forumkalita@example.net,password423,292755
424,Kavita Joshi,33,tbhandari@example.net,password424,158056
425,Ishita Dutta,30,mitesh21@example.org,password425,24060
426,Ishaan Singh,59,aryaadvika@example.com,password426,224057
427,Tara Kaur,47,kabir72@example.net,password427,200279
428,Tara Chopra,36,apteabeer@example.net,password428,216118
429,Krishna Srivastava,34,nagiviraj@example.com,password429,170359
430,Pari Dubey,36,brindamand@example.org,password430,49711
431,Anita Wadhwa,45,miyer@example.org,password431,153026
432,Aditya Mehra,43,znagar@example.net,password432,228134
433,Rajiv Menon,54,chadabalveer@example.org,password433,112974
434,Aarohi Verma,43,utkarsh13@example.org,password434,159646
435,Usha Kapoor,40,mnadig@example.net,password435,160168
436,Amit Chauhan,26,chaudhryanika@example.org,password436,77728
437,Shivam Mehra,29,dkuruvilla@example.net,password437,175088
438,Arjun Bhatt,18,ekanshgarde@example.com,password438,21246
439,Ishita Mehta,18,akshay96@example.org,password439,102263
440,Krishna Reddy,64,urvashinagar@example.com,password440,21302
441,Arjun Khanna,51,cbora@example.org,password441,51157
442,Aarav Desai,49,krisharaman@example.com,password442,64917
443,Ravi Yadav,42,sarinchakrika@example.com,password443,233810
444,Rahul Bansal,57,gargadvika@example.com,password444,106646
445,Siya Yadav,62,dkumer@example.net,password445,296663
446,Divya Bajaj,18,raurajata@example.net,password446,277552
447,Amar Dalal,33,raksha52@example.com,password447,69379
448,Jyoti Pandey,56,meghamodi@example.com,password448,35053
449,Divya Garg,22,maanavmukhopadhyay@example.com,password449,141994
450,Ishita Arora,39,wridesh46@example.org,password450,108723
451,Nisha Dutta,46,falgunisaraf@example.com,password451,61356
452,Vanya Yadav,20,wtiwari@example.org,password452,282933
453,Pari Ahuja,29,indrajithegde@example.com,password453,42154
454,Arjun Kapoor,43,kalabasu@example.com,password454,223942
455,Kabir Singh,33,ygokhale@example.com,password455,274480
456,Sara Patil,54,garima70@example.com,password456,291173
457,Siya Patel,39,uvarghese@example.net,password457,42265
458,Dhruv Joshi,46,farhan50@example.com,password458,253322
459,Arnav Mehra,31,avniseshadri@example.org,password459,184944
460,Rudra Chopra,45,lipikanatarajan@example.net,password460,56197
461,Pari Yadav,22,borahpeter@example.net,password461,164782
462,Vijay Gupta,64,rdhawan@example.org,password462,170558
463,Shaurya Chawla,47,ramaladli@example.com,password463,81907
464,Aarohi Kumar,63,sachibhagat@example.net,password464,212967
465,Vanya Reddy,22,loganaggarwal@example.com,password465,242604
466,Amit Wadhwa,29,chandtripti@example.com,password466,292247
467,Vihaan Thakur,33,simon25@example.com,password467,74772
468,Preeti Gupta,43,urishilla41@example.net,password468,136108
469,Amit Dalal,43,nachiketsibal@example.org,password469,24382
470,Kiara Dubey,38,ksabharwal@example.org,password470,94291
471,Deepak Kaur,56,rattidivya@example.org,password471,144828
472,Jyoti Malhotra,53,patlatanmayi@example.net,password472,292753
473,Siddharth Khanna,50,mandsudiksha@example.net,password473,157550
474,Myra Khanna,47,patwal@example.net,password474,242050
475,Myra Wadhwa,54,zarnagera@example.com,password475,140330
476,Divya Patil,40,cmadan@example.com,password476,81315
477,Anika Dalal,27,urmikapur@example.org,password477,24153
478,Meena Gupta,22,devanshsastry@example.net,password478,86325
479,Riya Sharma,53,gaurang97@example.org,password479,250773
480,Amar Srivastava,51,qbrahmbhatt@example.com,password480,65318
481,Rahul Mehta,48,srau@example.org,password481,86077
482,Vivaan Verma,27,ikshita89@example.net,password482,143515
483,Siddharth Thakur,36,pandyabrinda@example.com,password483,216988
484,Sanjay Iyer,49,varmabrinda@example.org,password484,135885
485,Nisha Sarin,18,noah74@example.org,password485,27368
486,Vikas Das,22,balhaar90@example.net,password486,156400
487,Aanya Shah,62,krishnavivaan@example.com,password487,198014
488,Reyansh Gupta,21,vmane@example.org,password488,101751
489,Aarohi Chauhan,33,jbera@example.net,password489,240203
490,Pranav Sarin,41,aarnavsanghvi@example.com,password490,299450
491,Krishna Bansal,33,arunima12@example.com,password491,180987
492,Pari Iyer,19,kapadiatimothy@example.net,password492,221951
493,Ishita Yadav,45,adoshi@example.net,password493,205716
494,Harshit Desai,49,ychada@example.com,password494,70279
495,Yash Arora,44,neel69@example.net,password495,10126
496,Vanya Sarin,37,jkapadia@example.net,password496,37632
497,Tanvi Mehta,41,samakshjain@example.net,password497,206382
498,Reyansh Thakur,29,ksarma@example.com,password498,119945
499,Sahil Srivastava,52,lajita02@example.com,password499,260869
500,Nisha Dalal,50,luthradayamai@example.net,password500,227138
501,happy sharma,23,kwordlife1402@gmail.com,scrypt:32768:8:1$6TdJ5xAECEPQJnu1$fcbda13e08402d9016d477b877ddbd3c5eb78cd3a6df048315eec3ab6e27ac04318ff27dba3d74802a376aa9b15940f4c1c6d71d42823502a0db6519007b9406,45000
502,rishab raj,23,rishavraj@gmail.com,scrypt:32768:8:1$3gXJ2hs9oUQL3feB$bce845c100253250b6c2752cebfb2f89cda5615f3adb3405f9fdbc20c530bf502a9aa1a07656f19df9cb93eb80fc2602fe5cc67841e1dedd80859f70eecc653f,54000
503,madhura,23,madhura@gmail.com,scrypt:32768:8:1$ug9RcLkMHu5hMu69$22e212a846ebc41ce77329fb80e55014a9c6af544d16fcc0cb422af059980eb6c2bf7c2c5925795c42c67271a1de842877893f308a96ff7b77971357ca705bf0,50000
504,yash,22,yash@77,scrypt:32768:8:1$NOLLXuNW4RPSnFav$536daeefde43ad83e286968afe2e0364415e2ba67a605897c2355382945509144deded5f4f88de2aa4add61b678d540011d13a211e020a620666079359789a02,90000
505,happy,22,khappykv6@gmail.com,scrypt:32768:8:1$dB5pR6cvZZAoP5pQ$779882639c79bd40ca06717855f4c33bcea979295f26705a6d7d9d9922ed03c7595498c5102e2dfdca17bec0fcd20f72f3bff70687659b921307a0b1db12bb44,120000
506,abhi,22,abhi@123,scrypt:32768:8:1$3u4k5V2Ih9qE5t6s$94ec5ada56935cea1469178b6491ad0c3d164c3749ea752b734a5c0d578763699f89a5d24fc15bb1bd1561745141f609064d2b61db35bc687a66fdf30a20fd64,45000
507,jack,22,jack@1,scrypt:32768:8:1$XvBU3R30RMXAiQ4n$74bb987659caf1cd1012f391c7f0fd896e194a66fa150ff18bd56cfbf63acb42d1e089471d8b2a9f1bdd6be76702bedf4e5599af2fa910c03b81df91207730ad,44555
508,x,55,x@1,scrypt:32768:8:1$yHmbSY0oCNGiATGi$cbdd1dec095b3be20cdc6173671bcf4c215c82efa516ba2bd1ae3f7c4edf278090d0cd150f618e3e48f1bdc0371222fcd2a69496ff8a792614ae6148822225bc,32535
